,model,unweighted_mean,class_mean,Box,Bucket,Dishwasher,Door,KitchenPot,Oven,Phone,Safe,Table,WashingMachine
cos_dist,flowbot1,0.735354851163083,0.7019006436833017,0.8077811002731323,0.6477694337566694,0.8604424515875374,0.44880339995026586,0.8978422260284424,0.6408523557086786,0.47745275497436523,0.9028626041752952,0.714336148450772,0.5874097544480773
cos_dist,diffuser1,0.7492496427076104,0.7442387626451356,0.700152035516042,0.5819645076990128,0.9134222021917018,0.4035633438825607,0.70840691447258,0.6836250852793455,0.900921364625295,0.9367300420999527,0.724647747228543,0.8839435033938464
rmse,flowbot1,0.3902014082493369,0.3665811979279246,0.28904651735837644,0.48466289540131885,0.21446441186637413,0.32205777332186697,0.5527304714918136,0.3360306303948164,0.39446841180324554,0.1223750359245709,0.5953576875974734,0.33099793379797654
rmse,diffuser1,0.28168458938200014,0.2621035479889263,0.23917252140549514,0.39890827238559723,0.13785325340563204,0.32084095299243925,0.5021315491199494,0.277730620931834,0.07154589953521888,0.10531268401869706,0.37102975384021797,0.17692893086110845
mag_error,flowbot1,0.3349356794012312,0.3085096292345529,0.2554527876468805,0.4390963464975357,0.1679703863110484,0.2444403301179409,0.5395132380723954,0.21649353035415211,0.3383995294570923,0.07788132250841175,0.551646082525452,0.2277766886879416
mag_error,diffuser1,0.21518115557786593,0.19893886370395827,0.20118509061061418,0.2361821054170529,0.09724192739259906,0.2337113754451275,0.4958742007613182,0.163353144734477,0.06504614340762298,0.061125820236546655,0.2773295128036989,0.14209702435661764
