,model,unweighted_mean,class_mean,Box,Bucket,Dishwasher,Door,KitchenPot,Oven,Phone,Safe,Table,WashingMachine
cos_dist,diffuser1,0.6606989846173457,0.6154858074105662,0.6986983510164114,0.29595814645290375,0.9136685583649612,0.5267890183627606,0.4276377849280834,0.6518301106989384,0.43200482924779254,0.8727597700698035,0.5915077301921944,0.6987905975650338
cos_dist,diffuser5,0.5697748657556727,0.6031397914107021,0.6073073074221611,0.5920515855153402,0.7010593176251505,0.4038009736686945,0.43931815564632415,0.47718507951746386,0.8822999000549316,0.8390870868627515,0.49111271249557226,0.6315407209536609
cos_dist,diffuser10,0.3244451713636844,0.2652281420220994,0.2557531331594174,-0.01718536640206973,0.7196889737672059,0.06361390072852373,-0.06406101167201995,0.5941240154206753,0.27705607811609906,0.12382318917661905,0.3659170917173227,0.2743343868676354
rmse,diffuser1,0.3405944277416436,0.33812778781521663,0.2765107980141273,0.5134702374537786,0.1621738500529673,0.31857945941388605,0.47071203112602233,0.36773411991695565,0.353200043241183,0.1426893612369895,0.4731339163891971,0.30060742138063207
rmse,diffuser5,0.4435807499918608,0.37450857532690507,0.35092152053347003,0.34656784186760586,0.22937790577004596,0.3584060575813055,0.7533825713396073,0.41546323352182907,0.11211599906285603,0.1622338803884174,0.6758859336624543,0.27165863487650366
rmse,diffuser10,0.559065552279788,0.5556428422110085,0.5163701938895079,0.7949482500553131,0.2623073647661907,0.5394587686657906,0.9359230268001556,0.3957427792871992,0.40214267869790393,0.5816721592896751,0.6629592161004741,0.4614812744890942
mag_error,diffuser1,0.22247532085023625,0.22248847402601218,0.19558645612918413,0.33649232673148316,0.09972681141481167,0.23496457882225513,0.4614063759148121,0.18172347576667866,0.15270782262086868,0.07893676663349782,0.2736169712098005,0.20973630819250555
mag_error,diffuser5,0.343870521059209,0.2824722672255529,0.27467284208306897,0.17920756867776313,0.13544103498684196,0.25209969229996204,0.7435389477014541,0.24250234159020087,0.10259761412938435,0.07959736328172896,0.5537201495468617,0.19994686412460663
mag_error,diffuser10,0.39442510154924504,0.36113228026695726,0.30540300189302516,0.33387541025877,0.225571103575753,0.2666683600842953,0.8777789789438247,0.28581785162289935,0.2881156379977862,0.20435557634170567,0.5284600063413382,0.2619840543278876
