,model,unweighted_mean,class_mean,FoldingChair,Kettle,Laptop,Microwave,Refrigerator,Stapler,StorageFurniture,Switch,Toilet,TrashCan,Window
cos_dist,flowbot1,0.8879163436563188,0.796648648058088,0.9091381579637527,0.7295909941196441,0.9728832840919495,0.9362581670284271,0.9217849572499593,0.8882397055625916,0.9460992596265095,-0.09037358965724707,0.9667931539671761,0.7146376848220826,0.7768156582658942
cos_dist,diffuser1,0.9115606979218148,0.8815825183175382,0.9270151406526566,0.6932067513465882,0.9728588263193766,0.8693347573280334,0.923169407579634,0.8936539053916931,0.9553354503725892,0.9385659694671631,0.8911984690598079,0.787831723690033,0.8152591206810691
rmse,flowbot1,0.14953986478557113,0.22286825534148946,0.12558185681700706,0.4160927586257458,0.06735528053508864,0.15775760263204575,0.09019081915418307,0.11847471296787263,0.11109803672601927,0.8659630119800568,0.1335771945970399,0.2560746256262064,0.18271329965103755
rmse,diffuser1,0.09966520028311461,0.11863914423934846,0.0856938948854804,0.3427710475865752,0.032802489689654775,0.0818510390818119,0.07462889204422633,0.04953841082751751,0.0692121607404369,0.07129866257309914,0.143431194126606,0.26314073130488397,0.10963600772877478
mag_error,flowbot1,0.11173012987390615,0.16621233690715692,0.08635928481817245,0.21125779151916504,0.05139695211417145,0.12704148143529892,0.05791468752755059,0.06345147714018821,0.09012435349538478,0.7589707672595978,0.11139907741120883,0.23021339252591133,0.09468864776532758
mag_error,diffuser1,0.06332041163415213,0.06952862193980644,0.06310298293828964,0.10008481198456139,0.02370422188606527,0.05809217505156994,0.03216767869889736,0.025134411081671713,0.05076220555448928,0.05835127457976341,0.11212215945124626,0.22770345043390988,0.019797679983060913
